hierarchy;id_category;prazo
22529 - Jóias e Relógios/Acessórios para Relógios/Outros;22529;7 - 30
22531 - Jóias e Relógios/Acessórios para Relógios/Correias e Fechos;22531;7 - 30
22533 - Jóias e Relógios/Acessórios para Relógios/Ferramentas de Relógio;22533;7 - 30
22537 - Jóias e Relógios/Relógios/Relógios Casal;22537;7 - 30
22539 - Roupas Femininas/Blusas, Camisas e Camisetas/Blusa;22539;7 - 30
22540 - Jóias e Relógios/Relógios/Luxo;22540;7 - 30
22541 - Jóias e Relógios/Relógios/Relógios Masculinos;22541;7 - 30
22542 - Jóias e Relógios/Relógios/Outros;22542;7 - 30
22543 - Jóias e Relógios/Relógios/Esportivas;22543;7 - 30
22544 - Jóias e Relógios/Relógios/Relógios Femininos;22544;7 - 30
22545 - Roupas Femininas/Blusas, Camisas e Camisetas/Cropped;22545;7 - 30
22546 - Roupas Femininas/Blusas, Camisas e Camisetas/Camisas Femininas;22546;7 - 30
22547 - Roupas Femininas/Blusas, Camisas e Camisetas/Suéter Feminino;22547;7 - 30
22548 - Roupas Femininas/Blusas, Camisas e Camisetas/Regata Feminina;22548;7 - 30
22549 - Roupas Femininas/Blusas, Camisas e Camisetas/Camisetas Femininas;22549;7 - 30
22550 - Roupas Femininas/Blusas, Camisas e Camisetas/Túnicas;22550;7 - 30
22551 - Roupas Femininas/Blusas, Camisas e Camisetas/Outros;22551;7 - 30
22561 - Roupas Masculinas/Outros/Outros;22561;7 - 30
22565 - Roupas Femininas/Roupas Íntimas e Pijamas/Lingerie;22565;7 - 30
22567 - Roupas Masculinas/Casacos/Blazer;22567;7 - 30
22568 - Roupas Femininas/Roupas Íntimas e Pijamas/Pijamas;22568;7 - 30
22569 - Roupas Masculinas/Casacos/Casaco;22569;7 - 30
22570 - Roupas Masculinas/Casacos/Moletons;22570;7 - 30
22571 - Roupas Masculinas/Casacos/Jaquetas;22571;7 - 30
22574 - Roupas Femininas/Roupas Íntimas e Pijamas/Outras;22574;7 - 30
22575 - Roupas Masculinas/Casacos/Outros;22575;7 - 30
22578 - Roupas Masculinas/Casacos/Colete;22578;7 - 30
22580 - Roupas Masculinas/Calças e Bermudas/Outras;22580;7 - 30
22583 - Roupas Masculinas/Calças e Bermudas/Calças Masculinas;22583;7 - 30
22584 - Roupas Masculinas/Calças e Bermudas/Bermudas;22584;7 - 30
22586 - Roupas Masculinas/Meias/Meias;22586;7 - 30
22879 - Esporte e Lazer/Fitness e Musculação/Rastreador;22879;7 - 30
22590 - Roupas Masculinas/Roupas Esportivas e de Praia/Camisa;22590;7 - 30
22591 - Roupas Masculinas/Roupas Esportivas e de Praia/Outros;22591;7 - 30
22593 - Roupas Masculinas/Roupas Esportivas e de Praia/Roupas de Surf e Natação;22593;7 - 30
24642 - Bebês e Crianças/Fraldas e Penicos/Fraldas;24642;7 - 30
24643 - Bebês e Crianças/Fraldas e Penicos/Trocadores;24643;7 - 30
24644 - Bebês e Crianças/Fraldas e Penicos/Bolsa de Fraldas;24644;7 - 30
24645 - Bebês e Crianças/Fraldas e Penicos/Potties;24645;7 - 30
22598 - Roupas Masculinas/Ternos/Terno;22598;7 - 30
22599 - Bebês e Crianças/Roupas para Bebês/Roupas de Bebê;22599;7 - 30
24648 - Brinquedos e Hobbies/Bonecas e Brinquedos de Pelúcia/Outros;24648;7 - 30
24649 - Brinquedos e Hobbies/Bonecas e Brinquedos de Pelúcia/Bichos de pelúcia;24649;7 - 30
24650 - Brinquedos e Hobbies/Bonecas e Brinquedos de Pelúcia/Bonecas & Acessórios;24650;7 - 30
22603 - Roupas Masculinas/Blusas, Camisas e Camisetas/Outros;22603;7 - 30
24652 - Brinquedos e Hobbies/Brinquedos para Bebês e Crianças Pequenas/Outros;24652;7 - 30
22605 - Esporte e Lazer/Ginástica, Pilates e Yoga/Torcida;22605;7 - 30
24654 - Brinquedos e Hobbies/Brinquedos para Bebês e Crianças Pequenas/Tapete Infantil;24654;7 - 30
22607 - Roupas Masculinas/Blusas, Camisas e Camisetas/Polos;22607;7 - 30
22608 - Bebês e Crianças/Roupas para Bebês/Casaco de Bebê;22608;7 - 30
22609 - Roupas Masculinas/Blusas, Camisas e Camisetas/Camisas Sociais;22609;7 - 30
24658 - Brinquedos e Hobbies/Brinquedos Primeira Infância/Quebra-cabeças;24658;7 - 30
22611 - Esporte e Lazer/Ginástica, Pilates e Yoga/Ginástica;22611;7 - 30
22612 - Bebês e Crianças/Roupas para Bebês/Vestido do Bebê;22612;7 - 30
22613 - Bebês e Crianças/Roupas para Bebês/Luvas e Sapatos de Bebê;22613;7 - 30
22614 - Roupas Masculinas/Blusas, Camisas e Camisetas/Suéter e Cardigan Masculino;22614;7 - 30
22615 - Bebês e Crianças/Roupas para Bebês/Macacão de Bebê;22615;7 - 30
22616 - Bebês e Crianças/Roupas para Bebês/Camisas de Bebê;22616;7 - 30
22617 - Esporte e Lazer/Ginástica, Pilates e Yoga/Pilates e Yoga;22617;7 - 30
24666 - Celulares e Acessórios/Cabos e Carregadores/Carregadores sem Fio;24666;7 - 30
22619 - Roupas Masculinas/Blusas, Camisas e Camisetas/Camisetas;22619;7 - 30
24668 - Celulares e Acessórios/Cabos e Carregadores/Cabos de Iphone;24668;7 - 30
22622 - Roupas Masculinas/Pijamas Masculinas e Cuecas/Pijamas;22622;7 - 30
24671 - Esporte e Lazer/Futebol/Chuteira;24671;7 - 30
24672 - Esporte e Lazer/Futebol/Equipamento de Proteção;24672;7 - 30
22625 - Bebês e Crianças/Roupas para Bebês/Pijama para Bebê;22625;7 - 30
22626 - Bebês e Crianças/Roupas para Bebês/Outras;22626;7 - 30
22627 - Roupas Masculinas/Pijamas Masculinas e Cuecas/Cueca;22627;7 - 30
24676 - Acessórios para Veículos/Carregador Veicular e Suporte de Celular para Carro/Carregador Veicular;24676;7 - 30
22629 - Esporte e Lazer/Badminton/Badminton;22629;7 - 30
22235 - Casa, Cozinha e Decoração/Organização e Armazenamento Doméstico/Prateleiras;22235;7 - 30
24281 - Informática/Acessórios para PC/Hub USB;24281;7 - 30
22637 - Esporte e Lazer/Badminton/Vestuário;22637;7 - 30
22640 - Esporte e Lazer/Badminton/Bolsas de Badminton;22640;7 - 30
22645 - Esporte e Lazer/Badminton/Punho e Cordas de Raquete de Badminton;22645;7 - 30
22649 - Esporte e Lazer/Badminton/Calçados de Badminton;22649;7 - 30
22650 - Esporte e Lazer/Badminton/Petecas;22650;7 - 30
22654 - Esporte e Lazer/Badminton/Raquetes;22654;7 - 30
22655 - Esporte e Lazer/Badminton/Acessórios;22655;7 - 30
22658 - Esporte e Lazer/Ciclismo/Bicicletas;22658;7 - 30
22660 - Esporte e Lazer/Pesca/Ganchos;22660;7 - 30
22662 - Esporte e Lazer/Ciclismo/Vestuário de Ciclismo;22662;7 - 30
22663 - Esporte e Lazer/Ciclismo/Peças e Componentes;22663;7 - 30
22664 - Esporte e Lazer/Ciclismo/Equipamento de Segurança;22664;7 - 30
22665 - Esporte e Lazer/Ciclismo/Outros;22665;7 - 30
22670 - Celulares e Acessórios/Áudio/Fones de ouvido;22670;7 - 30
22671 - Celulares e Acessórios/Áudio/Headphones e Headsets;22671;7 - 30
22673 - Celulares e Acessórios/Áudio/Outros;22673;7 - 30
24722 - Brinquedos e Hobbies/Esportes Infantis e Jogos ao Ar Livre/Lançadores;24722;7 - 30
22676 - Esporte e Lazer/Camping e Trilhas/Camping & Caminhadas;22676;7 - 30
22680 - Celulares e Acessórios/Cabos e Carregadores/Cabos USB;22680;7 - 30
22685 - Esporte e Lazer/Camping e Trilhas/Kit de Primeiros Socorros;22685;7 - 30
22689 - Celulares e Acessórios/Cabos e Carregadores/Carregadores;22689;7 - 30
22690 - Esporte e Lazer/Camping e Trilhas/Mochila Camping & Outdoor;22690;7 - 30
22691 - Celulares e Acessórios/Cabos e Carregadores/Tomada;22691;7 - 30
22692 - Celulares e Acessórios/Cabos e Carregadores/Outros;22692;7 - 30
22693 - Esporte e Lazer/Camping e Trilhas/Luzes e Lanternas;22693;7 - 30
26993 - Calçados/Calçados Desportivos/Calçados Desportivos Masuclinos;26993;7 - 30
22696 - Celulares e Acessórios/Cases e Capas de Celular/Capa para iPhone;22696;7 - 30
22697 - Esporte e Lazer/Camping e Trilhas/Equipamento de Segurança;22697;7 - 30
22698 - Esporte e Lazer/Camping e Trilhas/Sacos de Dormir e Colchões Infláveis;22698;7 - 30
22699 - Celulares e Acessórios/Cases e Capas de Celular/Capa para Android;22699;7 - 30
22700 - Celulares e Acessórios/Cases e Capas de Celular/Outros;22700;7 - 30
22705 - Esporte e Lazer/Camping e Trilhas/Equipamento Tático;22705;7 - 30
26995 - Calçados/Tênis/Tênis Masculino;26995;7 - 30
22709 - Esporte e Lazer/Camping e Trilhas/Outros;22709;7 - 30
22712 - Celulares e Acessórios/Gadgets/Outros Instrumentos Pequenos;22712;7 - 30
26996 - Calçados/Calçados Desportivos/Calçados Desportivos Femininos;26996;7 - 30
22714 - Celulares e Acessórios/Gadgets/Ventilador USB;22714;7 - 30
22716 - Esporte e Lazer/Acessórios Esportivos Gerais/Garrafas e Agitadores;22716;7 - 30
22717 - Celulares e Acessórios/Gadgets/Luminária USB;22717;7 - 30
26997 - Calçados/Tênis/Tênis Feminino;26997;7 - 30
26822 - Livros e Revistas/Revistas e Jornais/Outros;26822;7 - 30
26824 - Livros e Revistas/Livros/Outras;26824;7 - 30
26826 - Livros e Revistas/Outros/Outros;26826;7 - 30
26999 - Calçados/Sandálias e Chinelos/Sandálias e Chinelos Masculinos;26999;7 - 30
26828 - Livros e Revistas/Revistas e Jornais/Estilo de Vida;26828;7 - 30
22733 - Esporte e Lazer/Pesca/Linhas;22733;7 - 30
26831 - Livros e Revistas/Revistas e Jornais/Teen;26831;7 - 30
26832 - Livros e Revistas/Livros/Quadrinhos e Mangá;26832;7 - 30
27000 - Calçados/Sandálias e Chinelos/Sandálias Femininas;27000;7 - 30
26834 - Livros e Revistas/Livros/Agricultura, Silvicultura e Pesca;26834;7 - 30
26835 - Livros e Revistas/Livros/Artes, Design e Fotografia;26835;7 - 30
26836 - Livros e Revistas/Livros/Receitas e Culinária;26836;7 - 30
26837 - Livros e Revistas/Livros/Negócios e Investimentos;26837;7 - 30
26838 - Livros e Revistas/Livros/Política, Direito e Ciências Sociais;26838;7 - 30
27001 - Calçados/Sandálias e Chinelos/Chinelos Femininos;27001;7 - 30
22744 - Celulares e Acessórios/Celulares/Asus;22744;7 - 30
26841 - Livros e Revistas/Livros/Viagem e Turismo;26841;7 - 30
22746 - Esporte e Lazer/Pesca/Iscas & Moscas;22746;7 - 30
26843 - Livros e Revistas/Livros/Hobbies;26843;7 - 30
26844 - Livros e Revistas/Livros/Literatura LGBTQ;26844;7 - 30
22749 - Esporte e Lazer/Pesca/Varas e Bobinas;22749;7 - 30
22750 - Celulares e Acessórios/Celulares/Honor;22750;7 - 30
22751 - Celulares e Acessórios/Celulares/HTC;22751;7 - 30
26848 - Livros e Revistas/Livros/Ação, Crime e Thrillers;26848;7 - 30
22753 - Celulares e Acessórios/Celulares/Huawei;22753;7 - 30
22754 - Esporte e Lazer/Pesca/Outras;22754;7 - 30
22755 - Celulares e Acessórios/Celulares/iPhone;22755;7 - 30
26852 - Livros e Revistas/Livros/Medicina;26852;7 - 30
22757 - Celulares e Acessórios/Celulares/Leagoo;22757;7 - 30
22758 - Celulares e Acessórios/Celulares/Lenovo;22758;7 - 30
22759 - Celulares e Acessórios/Celulares/LG;22759;7 - 30
22760 - Celulares e Acessórios/Celulares/Meizu;22760;7 - 30
27004 - Calçados/Botas/Botas Femininas;27004;7 - 30
26858 - Livros e Revistas/Livros/Horóscopo;26858;7 - 30
22763 - Celulares e Acessórios/Celulares/Motorola;22763;7 - 30
26860 - Livros e Revistas/Livros/Livros Coloridos e Adesivo;26860;7 - 30
22765 - Celulares e Acessórios/Celulares/Neffos;22765;7 - 30
24814 - Saúde e Beleza/Cuidados com a Saúde/Máscara com Elástico;24814;7 - 30
22767 - Celulares e Acessórios/Celulares/Nokia;22767;7 - 30
22770 - Celulares e Acessórios/Celulares/Núbia;22770;7 - 30
22771 - Celulares e Acessórios/Celulares/OnePlus;22771;7 - 30
26868 - Alimentos e Bebidas/Snacks/Outros;26868;7 - 30
22773 - Celulares e Acessórios/Celulares/OPPO;22773;7 - 30
22774 - Celulares e Acessórios/Celulares/Outras Marcas;22774;7 - 30
22775 - Celulares e Acessórios/Celulares/Outros;22775;7 - 30
26872 - Alimentos e Bebidas/Ingredientes para Cozinhar/Outros;26872;7 - 30
22777 - Celulares e Acessórios/Celulares/Realme;22777;7 - 30
26874 - Alimentos e Bebidas/Necessidades para Cozimento/Outros;26874;7 - 30
26876 - Alimentos e Bebidas/Café da Manhã/Outros;26876;7 - 30
22781 - Celulares e Acessórios/Celulares/Sony;22781;7 - 30
22782 - Celulares e Acessórios/Celulares/Vivo;22782;7 - 30
26880 - Alimentos e Bebidas/Laticínios e Ovos/Outros;26880;7 - 30
22785 - Celulares e Acessórios/Celulares/Wiko;22785;7 - 30
22786 - Celulares e Acessórios/Celulares/Xiaomi;22786;7 - 30
22787 - Celulares e Acessórios/Celulares/ZTE;22787;7 - 30
26884 - Alimentos e Bebidas/Conjunto de Presentes e Cestas/Conjunto de Presentes e Cestas;26884;7 - 30
26885 - Alimentos e Bebidas/Snacks/Doces e Guloseimas;26885;7 - 30
26886 - Alimentos e Bebidas/Snacks/Chocolates;26886;7 - 30
26887 - Alimentos e Bebidas/Snacks/Biscoitos, Bolachas e Wafers;26887;7 - 30
26888 - Alimentos e Bebidas/Snacks/Batatas Fritas e Salgadinhos;26888;7 - 30
26889 - Alimentos e Bebidas/Snacks/Grãos e Sementes;26889;7 - 30
26890 - Alimentos e Bebidas/Snacks/Pipoca;26890;7 - 30
26891 - Alimentos e Bebidas/Snacks/Nozes;26891;7 - 30
26892 - Alimentos e Bebidas/Snacks/Petiscos Secos;26892;7 - 30
26893 - Alimentos e Bebidas/Snacks/Pudim, Geléias e Marshmallow;26893;7 - 30
26894 - Alimentos e Bebidas/Alimentos Básicos/Produtos Secos;26894;7 - 30
26895 - Alimentos e Bebidas/Alimentos Básicos/Macarrão;26895;7 - 30
26896 - Alimentos e Bebidas/Alimentos Básicos/Arroz;26896;7 - 30
26897 - Alimentos e Bebidas/Alimentos Básicos/Massa;26897;7 - 30
22802 - Celulares e Acessórios/Suporte para Celular/Suporte para Celular;22802;7 - 30
26899 - Alimentos e Bebidas/Alimentos Básicos/Comida Enlatada;26899;7 - 30
22804 - Celulares e Acessórios/Carregadores Portáteis e Baterias/Outros;22804;7 - 30
26901 - Alimentos e Bebidas/Ingredientes para Cozinhar/Temperos e Condimentos;26901;7 - 30
26902 - Alimentos e Bebidas/Ingredientes para Cozinhar/Açúcar;26902;7 - 30
22807 - Celulares e Acessórios/Carregadores Portáteis e Baterias/Baterias de Celulares;22807;7 - 30
26904 - Alimentos e Bebidas/Ingredientes para Cozinhar/Caldos, Molhos e Sopas Instantâneas Soup;26904;7 - 30
26905 - Alimentos e Bebidas/Ingredientes para Cozinhar/Kits para Cozinhar;26905;7 - 30
26906 - Alimentos e Bebidas/Ingredientes para Cozinhar/Saborizadores;26906;7 - 30
22811 - Celulares e Acessórios/Carregadores Portáteis e Baterias/Carregador Portátil;22811;7 - 30
26908 - Alimentos e Bebidas/Necessidades para Cozimento/Saborizadores;26908;7 - 30
26909 - Alimentos e Bebidas/Necessidades para Cozimento/Fermentos;26909;7 - 30
26910 - Alimentos e Bebidas/Necessidades para Cozimento/Mistura em Pó para Cozinhar;26910;7 - 30
27013 - Calçados/Rasteiras/Rasteiras;27013;7 - 30
26912 - Alimentos e Bebidas/Necessidades para Cozimento/Corante Alimentício;26912;7 - 30
26913 - Alimentos e Bebidas/Necessidades para Cozimento/Decoração para Alimentos;26913;7 - 30
22818 - Celulares e Acessórios/Películas Protetoras/Película de Vidro Android;22818;7 - 30
26915 - Alimentos e Bebidas/Café da Manhã/Geleias e Cremes;26915;7 - 30
27015 - Calçados/Cuidados de Calçados & Acessórios/Cuidados de Calçados & Acessórios;27015;7 - 30
22821 - Celulares e Acessórios/Películas Protetoras/Transparente;22821;7 - 30
26918 - Alimentos e Bebidas/Bebidas/Chás;26918;7 - 30
26919 - Alimentos e Bebidas/Bebidas/Achocolatados;26919;7 - 30
26920 - Alimentos e Bebidas/Bebidas/Energéticos e Bebidas Isotônicas;26920;7 - 30
22825 - Celulares e Acessórios/Películas Protetoras/Película de Vidro iPhone;22825;7 - 30
26922 - Alimentos e Bebidas/Bebidas/Sucos;26922;7 - 30
22827 - Celulares e Acessórios/Películas Protetoras/Fosco;22827;7 - 30
24876 - Esporte e Lazer/Moda Esportiva/Jerseys;24876;7 - 30
22829 - Celulares e Acessórios/Películas Protetoras/Outras;22829;7 - 30
24878 - Esporte e Lazer/Moda Esportiva/Bottom Feminino;24878;7 - 30
22831 - Celulares e Acessórios/Películas Protetoras/Privacidade;22831;7 - 30
24880 - Esporte e Lazer/Moda Esportiva/Bottom Masculino;24880;7 - 30
24881 - Esporte e Lazer/Moda Esportiva/Jaqueta ao Ar Livre;24881;7 - 30
22834 - Celulares e Acessórios/Acessórios para Câmeras/Monopé;22834;7 - 30
22835 - Celulares e Acessórios/Acessórios para Câmeras/Outros;22835;7 - 30
22836 - Celulares e Acessórios/Acessórios para Câmeras/Ring light;22836;7 - 30
22837 - Celulares e Acessórios/Acessórios para Câmeras/Persianas e Lentes;22837;7 - 30
22838 - Celulares e Acessórios/Acessórios para Câmeras/Tripé;22838;7 - 30
26935 - Alimentos e Bebidas/Laticínios e Ovos/Tofu;26935;7 - 30
26936 - Alimentos e Bebidas/Padaria/Pães;26936;7 - 30
26937 - Alimentos e Bebidas/Padaria/Bolos e Tortas;26937;7 - 30
26938 - Alimentos e Bebidas/Padaria/Pastelaria;26938;7 - 30
24287 - Celulares e Acessórios/Jogos para Celular/Acessórios;24287;7 - 30
26944 - Video Games/Outros/Outros;26944;7 - 30
26946 - Video Games/Consoles/Playstation;26946;7 - 30
26947 - Video Games/Consoles/Xbox;26947;7 - 30
26948 - Video Games/Consoles/Nintendo;26948;7 - 30
26949 - Video Games/Consoles/Clássicos e Retrô;26949;7 - 30
26950 - Video Games/Consoles/Portáteis;26950;7 - 30
26951 - Video Games/Consoles/Outros;26951;7 - 30
26953 - Video Games/Acessórios e Controles/Playstation;26953;7 - 30
26954 - Video Games/Acessórios e Controles/Xbox;26954;7 - 30
26955 - Video Games/Acessórios e Controles/Nintendo;26955;7 - 30
26956 - Video Games/Acessórios e Controles/Outros;26956;7 - 30
22862 - Celulares e Acessórios/Wearables/Tomadas e Carregadores;22862;7 - 30
26959 - Video Games/Jogos/Xbox;26959;7 - 30
26960 - Video Games/Jogos/Nintendo;26960;7 - 30
22865 - Celulares e Acessórios/Wearables/Outros;22865;7 - 30
22866 - Celulares e Acessórios/Wearables/Smartwatch e Relógio Inteligente;22866;7 - 30
22867 - Celulares e Acessórios/Wearables/Acessórios para Smartwatch;22867;7 - 30
26964 - Saúde e Beleza/Cuidados com o Cabelo/Shampoo;26964;7 - 30
26965 - Saúde e Beleza/Cuidados com o Cabelo/Finalizador e Modelador;26965;7 - 30
26966 - Saúde e Beleza/Cuidados com o Cabelo/Gel e Fixadores;26966;7 - 30
22872 - Celulares e Acessórios/Wearables/VR;22872;7 - 30
22873 - Celulares e Acessórios/Wearables/Óculos VR;22873;7 - 30
22874 - Eletros e Portáteis/Ar e Ventilação/Ar Condicionado;22874;7 - 30
26971 - Saúde e Beleza/Cuidados com o Corpo/Sabonete Corporal;26971;7 - 30
26972 - Saúde e Beleza/Cuidados com o Corpo/Esfoliantes;26972;7 - 30
26973 - Saúde e Beleza/Cuidados com o Corpo/Máscaras Corporais;26973;7 - 30
26974 - Saúde e Beleza/Cuidados com o Corpo/Óleo Corporal;26974;7 - 30
26975 - Saúde e Beleza/Cuidados com o Corpo/Hidratantes;26975;7 - 30
26976 - Saúde e Beleza/Cuidados com o Corpo/Desodorante;26976;7 - 30
26977 - Saúde e Beleza/Cuidados com o Corpo/Óleo de Massagem;26977;7 - 30
22882 - Eletros e Portáteis/Ar e Ventilação/Outros;22882;7 - 30
26979 - Saúde e Beleza/Cuidados com o Corpo/Protetor Solar;26979;7 - 30
26980 - Saúde e Beleza/Cuidados com o Corpo/Cuidados com os Seios;26980;7 - 30
22885 - Bebês e Crianças/Andadores e Carrinhos/Carrinho, Canguru & Carregador de Bebê;22885;7 - 30
22886 - Bebês e Crianças/Andadores e Carrinhos/Assentos de Carro;22886;7 - 30
22887 - Bebês e Crianças/Andadores e Carrinhos/Outros;22887;7 - 30
22888 - Esporte e Lazer/Fitness e Musculação/Aparelhos de Ginástica;22888;7 - 30
22889 - Bebês e Crianças/Andadores e Carrinhos/Acessórios de Carrinho;22889;7 - 30
22890 - Esporte e Lazer/Fitness e Musculação/Acessórios;22890;7 - 30
22891 - Bebês e Crianças/Andadores e Carrinhos/Os Carrinhos de Criança;22891;7 - 30
22892 - Bebês e Crianças/Andadores e Carrinhos/Andadores e Cama de Pula-Pula Elástica;22892;7 - 30
22893 - Esporte e Lazer/Fitness e Musculação/Outros;22893;7 - 30
22896 - Eletros e Portáteis/Eletrodomésticos/Fogão & Exaustor;22896;7 - 30
22897 - Eletros e Portáteis/Eletrodomésticos/Freezer;22897;7 - 30
22898 - Bebês e Crianças/Quarto do Bebê/Artigos de Cama;22898;7 - 30
22899 - Bebês e Crianças/Quarto do Bebê/Cobertas, Cueiros e Sacos de Dormir;22899;7 - 30
22900 - Eletros e Portáteis/Eletrodomésticos/Microondas;22900;7 - 30
22901 - Esporte e Lazer/Acessórios Esportivos Gerais/Engrenagens Esportivas;22901;7 - 30
22902 - Esporte e Lazer/Acessórios Esportivos Gerais/Suportes, Tapes & Suspensórios;22902;7 - 30
22903 - Eletros e Portáteis/Eletrodomésticos/Outros;22903;7 - 30
22904 - Bebês e Crianças/Quarto do Bebê/Berço;22904;7 - 30
22905 - Eletros e Portáteis/Eletrodomésticos/Fornos;22905;7 - 30
22906 - Bebês e Crianças/Quarto do Bebê/Móvel Nursery;22906;7 - 30
27003 - Calçados/Botas/Botas Masculinas;27003;7 - 30
22908 - Bebês e Crianças/Quarto do Bebê/Tela Mosquiteira;22908;7 - 30
22909 - Bebês e Crianças/Quarto do Bebê/Outros;22909;7 - 30
22910 - Eletros e Portáteis/Eletrodomésticos/Bebedouro;22910;7 - 30
27008 - Calçados/Mocassins & Slip-Ons/Mocassins & Slip-Ons Masculinos;27008;7 - 30
27009 - Calçados/Mocassins & Slip-Ons/Mocassins & Slip-Ons Femininos;27009;7 - 30
22914 - Esporte e Lazer/Acessórios Esportivos Gerais/Outros;22914;7 - 30
27011 - Calçados/Saltos Altos/Saltos Altos;27011;7 - 30
22917 - Eletros e Portáteis/Outros/Outros;22917;7 - 30
24641 - Bebês e Crianças/Quarto do Bebê/Travesseiros;24641;7 - 30
22252 - Casa, Cozinha e Decoração/Materiais de Limpeza e Lavanderia/Ferramentas de Limpeza;22252;7 - 30
27031 - Áudio, Eletrônicos e Câmeras/Câmera e Acessórios/Drones e Acessórios;27031;7 - 30
27020 - Calçados/Outros/Outros;27020;7 - 30
27023 - Áudio, Eletrônicos e Câmeras/Outros/Outros;27023;7 - 30
27032 - Áudio, Eletrônicos e Câmeras/Câmera e Acessórios/Acessórios para Câmeras;27032;7 - 30
22930 - Bebês e Crianças/Artigos de Segurança para Bebês/Acessórios de Anti-Perda;22930;7 - 30
27027 - Áudio, Eletrônicos e Câmeras/Acessórios para TV/Outros;27027;7 - 30
22934 - Eletros e Portáteis/Eletroportáteis/Cafeteiras e Acessórios;22934;7 - 30
22935 - Eletros e Portáteis/Eletroportáteis/Chaleiras Elétricas e Panelas Elétricas;22935;7 - 30
22936 - Eletros e Portáteis/Eletroportáteis/Sanduicheiras Elétricas;22936;7 - 30
22596 - Roupas Masculinas/Roupas Esportivas e de Praia/Roupa de Treinameto;22596;7 - 30
22938 - Bebês e Crianças/Artigos de Segurança para Bebês/Monitor de Bebê;22938;7 - 30
22939 - Eletros e Portáteis/Eletroportáteis/Fritadeiras Elétricas;22939;7 - 30
22940 - Bebês e Crianças/Artigos de Segurança para Bebês/Protetores de Canto e Borda;22940;7 - 30
22941 - Eletros e Portáteis/Eletroportáteis/Espremedores e Extratores de Frutas;22941;7 - 30
22942 - Bebês e Crianças/Artigos de Segurança para Bebês/Outras;22942;7 - 30
22943 - Eletros e Portáteis/Eletroportáteis/Liquidificadores;22943;7 - 30
22944 - Bebês e Crianças/Artigos de Segurança para Bebês/Trava de Segurança;22944;7 - 30
22945 - Eletros e Portáteis/Eletroportáteis/Outros;22945;7 - 30
22946 - Eletros e Portáteis/Eletroportáteis/Fornos;22946;7 - 30
22947 - Eletros e Portáteis/Eletroportáteis/Panela de Arroz Elétrica;22947;7 - 30
22948 - Eletros e Portáteis/Eletroportáteis/Panelas Profissional;22948;7 - 30
27045 - Áudio, Eletrônicos e Câmeras/Áudio/Home Theater;27045;7 - 30
27046 - Áudio, Eletrônicos e Câmeras/Áudio/Microfones;27046;7 - 30
27047 - Áudio, Eletrônicos e Câmeras/Áudio/Rádios;27047;7 - 30
22952 - Bebês e Crianças/Artigos de Bebê para Banho/Banheiras;22952;7 - 30
22953 - Bebês e Crianças/Artigos de Bebê para Banho/Cuidados com Unha e Cabelo;22953;7 - 30
22954 - Bebês e Crianças/Artigos de Bebê para Banho/Pomada & Loção;22954;7 - 30
22955 - Bebês e Crianças/Artigos de Bebê para Banho/Higiene Bucal;22955;7 - 30
27052 - Eletros e Portáteis/Eletroportáteis/Máquinas de Costura;27052;7 - 30
22957 - Bebês e Crianças/Artigos de Bebê para Banho/Outros;22957;7 - 30
22958 - Bebês e Crianças/Artigos de Bebê para Banho/Shampoos e Condicionadores;22958;7 - 30
27037 - Áudio, Eletrônicos e Câmeras/TVs/TV LCD;27037;7 - 30
22960 - Bebês e Crianças/Artigos de Bebê para Banho/Boné de Chuveiro;22960;7 - 30
22962 - Bebês e Crianças/Artigos de Bebê para Banho/Cuidados com a Pele;22962;7 - 30
22965 - Bebês e Crianças/Artigos de Bebê para Banho/Talco;22965;7 - 30
22966 - Bebês e Crianças/Artigos de Bebê para Banho/Toalhas Infantis & Lenços Umidecidos;22966;7 - 30
25017 - Papelaria/Artes e Pinturas/Artes e Pinturas;25017;7 - 30
25019 - Papelaria/Diários e Cadernos/Diários e Cadernos;25019;7 - 30
25021 - Papelaria/Outras/Outras;25021;7 - 30
22974 - Esporte e Lazer/Artes Marciais/Aparelhos de Proteção;22974;7 - 30
22975 - Esporte e Lazer/Artes Marciais/Equipamento de Treinamento;22975;7 - 30
25025 - Papelaria/Adesivos e Fitas/Adesivos e Fitas;25025;7 - 30
25027 - Papelaria/Lápis e Canetas/Lápis e Canetas;25027;7 - 30
22980 - Eletros e Portáteis/Máquinas de Lavar e Secar/Secadores de Roupas;22980;7 - 30
22981 - Eletros e Portáteis/Máquinas de Lavar e Secar/Outras;22981;7 - 30
22982 - Eletros e Portáteis/Máquinas de Lavar e Secar/Acessórios de Secadores e Lavadores de Roupa;22982;7 - 30
22983 - Eletros e Portáteis/Máquinas de Lavar e Secar/Máquina de Lavar;22983;7 - 30
22984 - Bebês e Crianças/Roupas para Meninos/Pijamas para Meninos;22984;7 - 30
22985 - Bebês e Crianças/Roupas para Meninos/Calças para Meninos;22985;7 - 30
22986 - Bebês e Crianças/Roupas para Meninos/Camisa Social de Meninos;22986;7 - 30
22263 - Informática/Notebooks e Acessórios/Outros;22263;7 - 30
27042 - Áudio, Eletrônicos e Câmeras/TVs/TV de Tubo;27042;7 - 30
24653 - Brinquedos e Hobbies/Brinquedos para Bebês e Crianças Pequenas/Brinquedos para Crianças;24653;7 - 30
22993 - Bebês e Crianças/Roupas para Meninos/Meia de Meninos;22993;7 - 30
22994 - Bebês e Crianças/Roupas para Meninos/Ternos de Meninos;22994;7 - 30
22995 - Bebês e Crianças/Roupas para Meninos/Maiô de Menino;22995;7 - 30
22996 - Bebês e Crianças/Roupas para Meninos/Roupa Interior de Menino;22996;7 - 30
22997 - Bebês e Crianças/Roupas para Meninos/Outros;22997;7 - 30
22998 - Esporte e Lazer/Artes Marciais/Uniformes;22998;7 - 30
22999 - Bebês e Crianças/Artigos para Alimentação e Amamentação/Cadeira de Alimentação Infantil;22999;7 - 30
23000 - Bebês e Crianças/Artigos para Alimentação e Amamentação/limpador de Mamadeira;23000;7 - 30
23001 - Bebês e Crianças/Artigos para Alimentação e Amamentação/Mamadeira;23001;7 - 30
23003 - Bebês e Crianças/Artigos para Alimentação e Amamentação/Amamentação;23003;7 - 30
23007 - Esporte e Lazer/Artes Marciais/Outros;23007;7 - 30
23009 - Bebês e Crianças/Artigos para Alimentação e Amamentação/Capa de Enfermagem;23009;7 - 30
23011 - Bebês e Crianças/Artigos para Alimentação e Amamentação/Almofada de Amamentação;23011;7 - 30
23012 - Bebês e Crianças/Artigos para Alimentação e Amamentação/Outras;23012;7 - 30
23014 - Bebês e Crianças/Artigos para Alimentação e Amamentação/Esterilizadores & Aquecedores;23014;7 - 30
24657 - Brinquedos e Hobbies/Brinquedos Primeira Infância/Outros;24657;7 - 30
23017 - Bebês e Crianças/Artigos para Alimentação e Amamentação/Armazenamento & Distribuidores;23017;7 - 30
23021 - Esporte e Lazer/Outros/Outros;23021;7 - 30
23023 - Bebês e Crianças/Artigos para Alimentação e Amamentação/Mordedores e Chupetas;23023;7 - 30
23024 - Bebês e Crianças/Artigos para Alimentação e Amamentação/Garrafa de Água & Copo de Aprendizagem;23024;7 - 30
25073 - Saúde e Beleza/Prazer Pessoal/Others;25073;7 - 30
24659 - Brinquedos e Hobbies/Brinquedos Primeira Infância/Pranchetas & Ferramentas;24659;7 - 30
22524 - Roupas Femininas/Conjuntos/Outros;22524;7 - 30
27049 - Áudio, Eletrônicos e Câmeras/Áudio/Caixa de Som;27049;7 - 30
24660 - Brinquedos e Hobbies/Brinquedos Primeira Infância/Carrinhos de Brinquedo;24660;7 - 30
23036 - Esporte e Lazer/Corrida/Acessórios de Corrida;23036;7 - 30
27050 - Eletros e Portáteis/Eletroportáteis/Limpeza;27050;7 - 30
22870 - Eletros e Portáteis/Ar e Ventilação/Acessórios de Ar Condicionado;22870;7 - 30
23039 - Esporte e Lazer/Corrida/Outras;23039;7 - 30
27051 - Eletros e Portáteis/Eletroportáteis/Ferros e Ferro a Vapor;27051;7 - 30
24662 - Brinquedos e Hobbies/Brinquedos Primeira Infância/Brinquedos Eletrônicos;24662;7 - 30
23046 - Esporte e Lazer/Skates, Patins e Patinetes/Patinetes;23046;7 - 30
23047 - Bebês e Crianças/Roupas para Meninas/Casaco Infantil Feminino;23047;7 - 30
23048 - Bebês e Crianças/Roupas para Meninas/Pijamas para Meninas;23048;7 - 30
23049 - Bebês e Crianças/Roupas para Meninas/Calça Infantil Feminina;23049;7 - 30
23050 - Bebês e Crianças/Roupas para Meninas/Camiseta de Menina;23050;7 - 30
23051 - Esporte e Lazer/Skates, Patins e Patinetes/Hoverboards;23051;7 - 30
23053 - Bebês e Crianças/Roupas para Meninas/Meias de Menina;23053;7 - 30
23054 - Esporte e Lazer/Skates, Patins e Patinetes/Skate;23054;7 - 30
23055 - Bebês e Crianças/Roupas para Meninas/Maiô de Menina;23055;7 - 30
23056 - Bebês e Crianças/Roupas para Meninas/Roupa Interior de Menina;23056;7 - 30
23057 - Esporte e Lazer/Skates, Patins e Patinetes/Patins;23057;7 - 30
23058 - Esporte e Lazer/Skates, Patins e Patinetes/Outros;23058;7 - 30
23061 - Esporte e Lazer/Jogos com Bola e Tacos/Basquete;23061;7 - 30
23062 - Bebês e Crianças/Artigos de Maternidade/Hidratantes e Cremes;23062;7 - 30
23063 - Bebês e Crianças/Artigos de Maternidade/Pad Enfermagem;23063;7 - 30
23064 - Esporte e Lazer/Jogos com Bola e Tacos/Bilhar e Sinuca;23064;7 - 30
27162 - Roupas Femininas/Casacos/Moletons;27162;7 - 30
23067 - Esporte e Lazer/Jogos com Bola e Tacos/Golfe;23067;7 - 30
22618 - Bebês e Crianças/Roupas para Bebês/Agasalho de Bebê;22618;7 - 30
23070 - Esporte e Lazer/Jogos com Bola e Tacos/Rugby;23070;7 - 30
23071 - Bebês e Crianças/Artigos de Maternidade/Almofadas de Gravidez;23071;7 - 30
23072 - Esporte e Lazer/Jogos com Bola e Tacos/Squash;23072;7 - 30
23073 - Esporte e Lazer/Jogos com Bola e Tacos/Voleibol;23073;7 - 30
23074 - Esporte e Lazer/Jogos com Bola e Tacos/Outros;23074;7 - 30
24667 - Celulares e Acessórios/Cabos e Carregadores/Cabos de Android;24667;7 - 30
23077 - Bebês e Crianças/Roupas para Gestantes/Roupa Íntima;23077;7 - 30
23079 - Esporte e Lazer/Tênis de Mesa/Tênis de Mesa;23079;7 - 30
23080 - Bebês e Crianças/Roupas para Gestantes/Cinta de Sustentação para Grávidez;23080;7 - 30
23081 - Bebês e Crianças/Roupas para Gestantes/Outros;23081;7 - 30
23082 - Bebês e Crianças/Roupas para Gestantes/Conjunto;23082;7 - 30
23083 - Bebês e Crianças/Roupas para Gestantes/Tops;23083;7 - 30
23086 - Esporte e Lazer/Tênis de Mesa/Raquetes e Bolas;23086;7 - 30
22317 - Informática/Armazenamento e Discos Rígidos/Leitores de Cartões;22317;7 - 30
23088 - Esporte e Lazer/Tênis de Mesa/Acessórios;23088;7 - 30
23089 - Bolsas/Bagagem e Acessórios para Viagem/Outras;23089;7 - 30
23090 - Bolsas/Bagagem e Acessórios para Viagem/Acessórios de Viagem;23090;7 - 30
23091 - Bolsas/Bagagem e Acessórios para Viagem/Bolsas de Viagem;23091;7 - 30
23093 - Esporte e Lazer/Esportes Aquáticos/Mergulho;23093;7 - 30
23094 - Esporte e Lazer/Esportes Aquáticos/Natação;23094;7 - 30
23098 - Esporte e Lazer/Esportes Aquáticos/Outros;23098;7 - 30
25176 - Animais de Estimação/Cama & Almofadas/Cama & Almofadas;25176;7 - 30
22624 - Esporte e Lazer/Ginástica, Pilates e Yoga/Outras;22624;7 - 30
27202 - Acessórios de Moda/Lenços/Lenços;27202;7 - 30
23107 - Esporte e Lazer/Tênis/Tênis;23107;7 - 30
27204 - Acessórios de Moda/Luvas/Luvas;27204;7 - 30
23110 - Esporte e Lazer/Tênis/Acessórios de Tênis;23110;7 - 30
24673 - Esporte e Lazer/Futebol/Treinamento;24673;7 - 30
23112 - Esporte e Lazer/Tênis/Roupas;23112;7 - 30
25162 - Bolsas/Carteiras/Carteiras;25162;7 - 30
23115 - Bolsas/Bolsas Masculinas e Carteiras/Mochilas;23115;7 - 30
25164 - Bolsas/Bolsa transversal/Bolsa transversal;25164;7 - 30
27213 - Casa, Cozinha e Decoração/Jardins e Área Externa/Guarda sol;27213;7 - 30
25166 - Bolsas/Bolsa Sacola/Bolsa Sacola;25166;7 - 30
23119 - Bolsas/Bolsas Masculinas e Carteiras/Outras;23119;7 - 30
25168 - Bolsas/Bolsas de Mão/Bolsas de Mão;25168;7 - 30
25170 - Bolsas/Outras/Outras;25170;7 - 30
24675 - Acessórios para Veículos/Carregador Veicular e Suporte de Celular para Carro/Outros;24675;7 - 30
25172 - Bolsas/Pochete/Pochete;25172;7 - 30
27222 - Saúde e Beleza/Cuidados com a Pele/Utensílios de Cuidados Faciais;27222;7 - 30
23128 - Saúde e Beleza/Depilação/Depilação;23128;7 - 30
27225 - Saúde e Beleza/Manicure e Pedicure/Ferramentas e Dispositivos para Manicure;27225;7 - 30
25178 - Animais de Estimação/Camas, Gaiolas & Tanques/Camas, Gaiolas & Tanques;25178;7 - 30
25180 - Animais de Estimação/Gaiolas, Caixas & Casinhas/Gaiolas, Caixas & Casinhas;25180;7 - 30
23134 - Saúde e Beleza/Outros/Outras;23134;7 - 30
24677 - Acessórios para Veículos/Carregador Veicular e Suporte de Celular para Carro/Suporte de Celular para Carro;24677;7 - 30
23136 - Saúde e Beleza/Perfumes/Perfumes;23136;7 - 30
25186 - Animais de Estimação/Saúde e Bem-estar/Saúde e Bem-estar;25186;7 - 30
23139 - Saúde e Beleza/Prazer Pessoal/Produtos Adultos;23139;7 - 30
25188 - Animais de Estimação/Outros Cuidados/Outros Cuidados;25188;7 - 30
23142 - Saúde e Beleza/Barbearia/Kits de Barbear;23142;7 - 30
23143 - Saúde e Beleza/Cuidados com o Cabelo/Tratamento de Cabelo;23143;7 - 30
23144 - Saúde e Beleza/Cuidados com o Cabelo/Pente, Escova e Tesouras;23144;7 - 30
23145 - Saúde e Beleza/Cuidados com o Cabelo/Outros;23145;7 - 30
23153 - Saúde e Beleza/Maquiagem/Olhos;23153;7 - 30
23154 - Saúde e Beleza/Maquiagem/Rosto;23154;7 - 30
23155 - Saúde e Beleza/Maquiagem/Batons;23155;7 - 30
23156 - Saúde e Beleza/Maquiagem/Maletas de Maquiagem;23156;7 - 30
23157 - Saúde e Beleza/Maquiagem/Acessorios de Maquiagem;23157;7 - 30
23158 - Saúde e Beleza/Maquiagem/Outras;23158;7 - 30
25023 - Papelaria/Material Escolar/Material Escolar;25023;7 - 30
23170 - Saúde e Beleza/Cuidados Pessoais/Fraldas para Adultos;23170;7 - 30
23174 - Saúde e Beleza/Cuidados Pessoais/Lenço Umedecido;23174;7 - 30
23177 - Acessórios para Veículos/Limpeza e Manutenção/Material de limpeza;23177;7 - 30
23178 - Saúde e Beleza/Cuidados Pessoais/Cuidado da Orelha;23178;7 - 30
23179 - Saúde e Beleza/Cuidados Pessoais/Cuidado Feminino;23179;7 - 30
23180 - Saúde e Beleza/Cuidados Pessoais/Higiene Bucal;23180;7 - 30
23181 - Acessórios para Veículos/Limpeza e Manutenção/Cuidados de Automóveis Exteriores;23181;7 - 30
23182 - Saúde e Beleza/Cuidados Pessoais/Outras;23182;7 - 30
23183 - Acessórios para Veículos/Limpeza e Manutenção/Cuidados de Automóveis Interiores;23183;7 - 30
23184 - Saúde e Beleza/Cuidados Pessoais/Álcool Gel Antisséptico;23184;7 - 30
23186 - Saúde e Beleza/Cuidados Pessoais/Cuidados Seniores;23186;7 - 30
27006 - Calçados/Sapatos Formais/Sapatos Formais;27006;7 - 30
23192 - Acessórios para Veículos/Óleos e Fluidos Automotivos/Fluidos de Freio;23192;7 - 30
23195 - Acessórios para Veículos/Limpeza e Manutenção/Cuidados de Rodas de Apoio e Pneus;23195;7 - 30
23196 - Acessórios para Veículos/Limpeza e Manutenção/Lavar e Encerar;23196;7 - 30
23197 - Acessórios para Veículos/Limpeza e Manutenção/Outros;23197;7 - 30
23199 - Acessórios para Veículos/Eletrônica Automotiva/Centralinas Electrónicas;23199;7 - 30
23200 - Acessórios para Veículos/Eletrônica Automotiva/Sistemas de Alarme de Veículo;23200;7 - 30
23201 - Acessórios para Veículos/Eletrônica Automotiva/GPS Automotivo;23201;7 - 30
23203 - Acessórios para Veículos/Eletrônica Automotiva/Outros;23203;7 - 30
23204 - Saúde e Beleza/Cuidados com a Pele/Cuidados com os Olhos;23204;7 - 30
23205 - Saúde e Beleza/Cuidados com a Pele/Cuidado Facial;23205;7 - 30
23206 - Saúde e Beleza/Cuidados com a Pele/Cuidados com Pés;23206;7 - 30
23207 - Saúde e Beleza/Cuidados com a Pele/Cuidados com Mãos;23207;7 - 30
23208 - Saúde e Beleza/Cuidados com a Pele/Lábio;23208;7 - 30
23209 - Saúde e Beleza/Cuidados com a Pele/Outros;23209;7 - 30
23210 - Saúde e Beleza/Cuidados com a Pele/Protetor Solar;23210;7 - 30
23211 - Acessórios para Veículos/Óleos e Fluidos Automotivos/Refrigerantes;23211;7 - 30
23212 - Acessórios para Veículos/Óleos e Fluidos Automotivos/Óleo de Motor;23212;7 - 30
23216 - Saúde e Beleza/Manicure e Pedicure/Acessorios para Manicure;23216;7 - 30
23217 - Saúde e Beleza/Manicure e Pedicure/Decoração de Unhas;23217;7 - 30
23218 - Saúde e Beleza/Manicure e Pedicure/Outros;23218;7 - 30
24009 - Acessórios para Veículos/Eletrônica Automotiva/Adaptadores e Cabos para Carros;24009;7 - 30
22937 - Bebês e Crianças/Artigos de Segurança para Bebês/Anti-Mosquito;22937;7 - 30
23234 - Animais de Estimação/Alimentos/Alimentos para Pássaros;23234;7 - 30
23237 - Animais de Estimação/Alimentos/Alimentos para Gato;23237;7 - 30
23238 - Animais de Estimação/Alimentos/Alimentos para Cachorro;23238;7 - 30
23239 - Animais de Estimação/Alimentos/Alimentos para Peixe;23239;7 - 30
23240 - Animais de Estimação/Alimentos/Outros Alimentos;23240;7 - 30
23249 - Acessórios para Veículos/Óleos e Fluidos Automotivos/Fluidos de Transmissão;23249;7 - 30
23250 - Acessórios para Veículos/Óleos e Fluidos Automotivos/Outros;23250;7 - 30
23252 - Acessórios para Veículos/Peças para Carros/Filtros de ar automotivo;23252;7 - 30
23254 - Acessórios para Veículos/Peças e Acessórios para Motos/Acessórios de Motociclismo;23254;7 - 30
23255 - Acessórios para Veículos/Peças para Carros/Ferramentas e Equipamentos Automotivos;23255;7 - 30
23257 - Acessórios para Veículos/Peças para Carros/Sistemas de Freios;23257;7 - 30
23258 - Acessórios para Veículos/Peças para Carros/Farol de Carro;23258;7 - 30
23259 - Acessórios para Veículos/Peças para Carros/Resfriamento;23259;7 - 30
23260 - Acessórios para Veículos/Peças para Carros/Peças do Motor;23260;7 - 30
23261 - Acessórios para Veículos/Peças para Carros/Sistemas de Admissão & Escape de Ar;23261;7 - 30
23263 - Acessórios para Veículos/Peças para Carros/Suspensão, Choques e Suportes;23263;7 - 30
23266 - Acessórios para Veículos/Peças para Carros/Outras;23266;7 - 30
22250 - Casa, Cozinha e Decoração/Materiais de Limpeza e Lavanderia/Produtos de Limpeza;22250;7 - 30
23268 - Acessórios para Veículos/Peças e Acessórios para Motos/Capacetes de Moto;23268;7 - 30
23269 - Acessórios para Veículos/Peças e Acessórios para Motos/Óleos & Fluidos para Motos;23269;7 - 30
23270 - Acessórios para Veículos/Peças e Acessórios para Motos/Peças de Moto;23270;7 - 30
23272 - Acessórios para Veículos/Peças e Acessórios para Motos/Equipamento para Motociclista;23272;7 - 30
22311 - Informática/Acessórios Eletrônicos para Escritório/Projetores;22311;7 - 30
23290 - Acessórios para Veículos/Outros/Outros;23290;7 - 30
23293 - Brinquedos e Hobbies/Fantasias/Fantasia Infantil Masculina;23293;7 - 30
23300 - Brinquedos e Hobbies/Fantasias/Fantasia Infantil Feminina;23300;7 - 30
23303 - Brinquedos e Hobbies/Jogos de Tabuleiro e Cartas/Jogos de Tabuleiro;23303;7 - 30
23308 - Brinquedos e Hobbies/Jogos de Tabuleiro e Cartas/Jogos de Cartas e Baralhos;23308;7 - 30
23311 - Brinquedos e Hobbies/Jogos de Tabuleiro e Cartas/Jogos de Dados;23311;7 - 30
23312 - Brinquedos e Hobbies/Jogos de Tabuleiro e Cartas/Pião;23312;7 - 30
23313 - Brinquedos e Hobbies/Jogos de Tabuleiro e Cartas/Trading Cards;23313;7 - 30
23314 - Brinquedos e Hobbies/Jogos de Tabuleiro e Cartas/Outros;23314;7 - 30
23318 - Brinquedos e Hobbies/Colecionáveis, Action Figures e Modelismo/Action Figures;23318;7 - 30
23319 - Brinquedos e Hobbies/Colecionáveis, Action Figures e Modelismo/Colecionáveis;23319;7 - 30
23320 - Brinquedos e Hobbies/Colecionáveis, Action Figures e Modelismo/Die Cast;23320;7 - 30
23321 - Brinquedos e Hobbies/Colecionáveis, Action Figures e Modelismo/Modelismo;23321;7 - 30
23322 - Brinquedos e Hobbies/Colecionáveis, Action Figures e Modelismo/Brinquedos de Controle Remoto;23322;7 - 30
23323 - Brinquedos e Hobbies/Colecionáveis, Action Figures e Modelismo/Outros;23323;7 - 30
23326 - Brinquedos e Hobbies/Esportes Infantis e Jogos ao Ar Livre/Bicicletas, Triciclos e Motos Infantis;23326;7 - 30
23327 - Brinquedos e Hobbies/Esportes Infantis e Jogos ao Ar Livre/Outdoor Play & Aventura para Crianças;23327;7 - 30
23328 - Brinquedos e Hobbies/Esportes Infantis e Jogos ao Ar Livre/Acessórios Esportivos Infantis;23328;7 - 30
23329 - Brinquedos e Hobbies/Esportes Infantis e Jogos ao Ar Livre/Brinquedos de Praia e Piscina;23329;7 - 30
23330 - Brinquedos e Hobbies/Esportes Infantis e Jogos ao Ar Livre/Outros;23330;7 - 30
24882 - Esporte e Lazer/Moda Esportiva/Casacos Esportivos;24882;7 - 30
27033 - Áudio, Eletrônicos e Câmeras/Câmera e Acessórios/Câmeras;27033;7 - 30
24883 - Esporte e Lazer/Moda Esportiva/Acessórios de Moda Esportiva;24883;7 - 30
27034 - Áudio, Eletrônicos e Câmeras/Acessórios para TV/TV Box & Jogadores;27034;7 - 30
27307 - Alimentos e Bebidas/Bebidas Alcoólicas/Sake, Soju & Umeshu;27307;7 - 30
24041 - Acessórios para Veículos/Acessórios de Interior/Tapetes Para Carros;24041;7 - 30
27035 - Áudio, Eletrônicos e Câmeras/Acessórios para TV/TV na Parede e Jogadores;27035;7 - 30
23437 - Casa, Cozinha e Decoração/Artesanato/Faça Você Mesmo;23437;7 - 30
23438 - Casa, Cozinha e Decoração/Artesanato/Bonecas;23438;7 - 30
23439 - Casa, Cozinha e Decoração/Artesanato/Lembrancinhas;23439;7 - 30
23440 - Casa, Cozinha e Decoração/Artesanato/Outros;23440;7 - 30
23442 - Casa, Cozinha e Decoração/Tecidos e Materiais/Tecido & Materiais;23442;7 - 30
23443 - Casa, Cozinha e Decoração/Tecidos e Materiais/Tecidos;23443;7 - 30
23444 - Casa, Cozinha e Decoração/Tecidos e Materiais/Outros;23444;7 - 30
23446 - Saúde e Beleza/Suplementos/Suplemento Beleza;23446;7 - 30
23447 - Saúde e Beleza/Suplementos/Suplemento Nutricional;23447;7 - 30
22876 - Eletros e Portáteis/Ar e Ventilação/Purificadores de Ar e Desumidificadores;22876;7 - 30
23449 - Saúde e Beleza/Suplementos/Bem-estar;23449;7 - 30
23450 - Saúde e Beleza/Suplementos/Outros;23450;7 - 30
23454 - Saúde e Beleza/Cuidados com a Saúde/Massageadores;23454;7 - 30
23455 - Saúde e Beleza/Cuidados com a Saúde/Medicamentos;23455;7 - 30
26968 - Saúde e Beleza/Cuidados com o Corpo/Outros;26968;7 - 30
23457 - Saúde e Beleza/Cuidados com a Saúde/Emagrecimento & Modelagem;23457;7 - 30
23461 - Saúde e Beleza/Suprimentos Médicos/Inaladores e Nebulizadores;23461;7 - 30
23462 - Saúde e Beleza/Suprimentos Médicos/Meias de Compressão;23462;7 - 30
23463 - Saúde e Beleza/Suprimentos Médicos/Cuidados ao Idoso;23463;7 - 30
23464 - Saúde e Beleza/Suprimentos Médicos/Acessórios Saúde;23464;7 - 30
23465 - Saúde e Beleza/Suprimentos Médicos/Camas Hospitalares;23465;7 - 30
23466 - Saúde e Beleza/Suprimentos Médicos/Pomadas e Creme;23466;7 - 30
23467 - Saúde e Beleza/Suprimentos Médicos/Ortopedia;23467;7 - 30
23468 - Saúde e Beleza/Suprimentos Médicos/Alívio da Dor;23468;7 - 30
23469 - Saúde e Beleza/Suprimentos Médicos/Estetoscópios;23469;7 - 30
23470 - Saúde e Beleza/Suprimentos Médicos/Termômetros;23470;7 - 30
23471 - Saúde e Beleza/Suprimentos Médicos/Cadeiras de Rodas e Peças;23471;7 - 30
23472 - Saúde e Beleza/Suprimentos Médicos/Outros;23472;7 - 30
27025 - Áudio, Eletrônicos e Câmeras/Câmera e Acessórios/Outros;27025;7 - 30
23499 - Saúde e Beleza/Manicure e Pedicure/Esmalte;23499;7 - 30
23503 - Acessórios para Veículos/Manutenção e Instalação/Outros;23503;7 - 30
23504 - Acessórios para Veículos/Manutenção e Instalação/Pneus;23504;7 - 30
27038 - Áudio, Eletrônicos e Câmeras/TVs/TV LED;27038;7 - 30
24057 - Acessórios para Veículos/Acessórios de Exterior/Proteção Solar;24057;7 - 30
23512 - Brinquedos e Hobbies/Lembranças e Colecionáveis/Filmes;23512;7 - 30
23513 - Brinquedos e Hobbies/Lembranças e Colecionáveis/Música;23513;7 - 30
23518 - Brinquedos e Hobbies/Lembranças e Colecionáveis/Outras;23518;7 - 30
22197 - Casa, Cozinha e Decoração/Decoração/Outros;22197;7 - 30
27039 - Áudio, Eletrônicos e Câmeras/TVs/Outros TVs;27039;7 - 30
23546 - Brinquedos e Hobbies/Música, Filmes e Séries/Bluerays;23546;7 - 30
23547 - Brinquedos e Hobbies/Música, Filmes e Séries/CDs;23547;7 - 30
23548 - Brinquedos e Hobbies/Música, Filmes e Séries/DVDs;23548;7 - 30
23549 - Brinquedos e Hobbies/Música, Filmes e Séries/Outras;23549;7 - 30
23551 - Brinquedos e Hobbies/Instrumentos Musicais/Instrumentos Tradicionais Chineses;23551;7 - 30
23553 - Brinquedos e Hobbies/Instrumentos Musicais/Baterias e Tambores;23553;7 - 30
23554 - Brinquedos e Hobbies/Instrumentos Musicais/Acessórios de Instrumento;23554;7 - 30
23555 - Brinquedos e Hobbies/Instrumentos Musicais/Pianos, Órgãos e Teclados;23555;7 - 30
23556 - Brinquedos e Hobbies/Instrumentos Musicais/Instrumentos de Corda;23556;7 - 30
23557 - Brinquedos e Hobbies/Instrumentos Musicais/Instrumentos de Sopro;23557;7 - 30
23558 - Brinquedos e Hobbies/Instrumentos Musicais/Outras;23558;7 - 30
22880 - Eletros e Portáteis/Ar e Ventilação/Ventilador;22880;7 - 30
27040 - Áudio, Eletrônicos e Câmeras/TVs/TV Plasma;27040;7 - 30
22881 - Eletros e Portáteis/Ar e Ventilação/Umidificadores e Purificadores de Ar;22881;7 - 30
27041 - Áudio, Eletrônicos e Câmeras/TVs/Smart TV;27041;7 - 30
22375 - Roupas Femininas/Casacos/Capa;22375;7 - 30
23626 - Bebês e Crianças/Roupas para Meninas/Outros;23626;7 - 30
23973 - Acessórios para Veículos/Som Automotivo/Aparelhos Multimídia;23973;7 - 30
24655 - Brinquedos e Hobbies/Brinquedos para Bebês e Crianças Pequenas/Brinquedos de Banho;24655;7 - 30
22374 - Casa, Cozinha e Decoração/Iluminação/Luminária de Piso;22374;7 - 30
22883 - Eletros e Portáteis/Ar e Ventilação/Aquecedores de Água;22883;7 - 30
27043 - Áudio, Eletrônicos e Câmeras/Áudio/Amplificadores & Receptores;27043;7 - 30
22377 - Casa, Cozinha e Decoração/Iluminação/Tampa da Lâmpada;22377;7 - 30
22378 - Roupas Femininas/Casacos/Cacacos e Jaquetas;22378;7 - 30
24427 - Informática/Acessórios Eletrônicos para Escritório/Scanners e impressoras 3D;24427;7 - 30
22380 - Casa, Cozinha e Decoração/Iluminação/Lâmpadas Bulbos;22380;7 - 30
27044 - Áudio, Eletrônicos e Câmeras/Áudio/Acessórios de Áudio;27044;7 - 30
23953 - Casa, Cozinha e Decoração/Iluminação/Luz Noturna;23953;7 - 30
24431 - Informática/Acessórios Eletrônicos para Escritório/Fragmentadora de papel;24431;7 - 30
23066 - Esporte e Lazer/Jogos com Bola e Tacos/Futsal;23066;7 - 30
23069 - Bebês e Crianças/Artigos de Maternidade/Outros;23069;7 - 30
23126 - Saúde e Beleza/Cuidados com o Cabelo/Tinta de cabelo;23126;7 - 30
26827 - Livros e Revistas/Revistas e Jornais/Negócios;26827;7 - 30
22391 - Bebês e Crianças/Acessórios/Relógios;22391;7 - 30
23075 - Bebês e Crianças/Roupas para Gestantes/Vestidos;23075;7 - 30
26833 - Livros e Revistas/Livros/Livros Infantis;26833;7 - 30
22342 - Casa, Cozinha e Decoração/Artigos para Cozinha/Acessórios para Lavatórios;22342;7 - 30
24661 - Brinquedos e Hobbies/Brinquedos Primeira Infância/Blocos de Montar;24661;7 - 30
27048 - Áudio, Eletrônicos e Câmeras/Áudio/Soundbars;27048;7 - 30
26839 - Livros e Revistas/Livros/Computadores e Tecnologia;26839;7 - 30
26840 - Livros e Revistas/Livros/Saúde, Fitness e Dieta;26840;7 - 30
26842 - Livros e Revistas/Livros/Aprendizagem de Línguas e Dicionários;26842;7 - 30
22236 - Casa, Cozinha e Decoração/Organização e Armazenamento Doméstico/Caixa e Cesta de Armazenamento;22236;7 - 30
26845 - Livros e Revistas/Livros/Light Novels;26845;7 - 30
26846 - Livros e Revistas/Livros/Literatura Clássica;26846;7 - 30
24663 - Brinquedos e Hobbies/Brinquedos Primeira Infância/Brinquedos Musicais;24663;7 - 30
26847 - Livros e Revistas/Livros/Fantasia;26847;7 - 30
26849 - Livros e Revistas/Livros/Romance;26849;7 - 30
26850 - Livros e Revistas/Livros/Biografia e Memórias;26850;7 - 30
26851 - Livros e Revistas/Livros/Ciências e Matemática;26851;7 - 30
24664 - Brinquedos e Hobbies/Brinquedos Primeira Infância/Artes & Trabalhos Manuais;24664;7 - 30
26853 - Livros e Revistas/Livros/Parentalidade e Família;26853;7 - 30
22482 - Casa, Cozinha e Decoração/Ferramentas e Artigos Diversos para a Casa/Vestuário e Equipamento de Proteção;22482;7 - 30
26854 - Livros e Revistas/Livros/Psicologia e Relacionamentos;26854;7 - 30
26855 - Livros e Revistas/Livros/Religião e Filosofia;26855;7 - 30
26856 - Livros e Revistas/Livros/História e Culturas;26856;7 - 30
24665 - Brinquedos e Hobbies/Brinquedos Primeira Infância/Brinquedo Faz de Conta;24665;7 - 30
26857 - Livros e Revistas/Livros/Carreiras, Auto-ajuda e Desenvolvimento Pessoal;26857;7 - 30
23929 - Bebês e Crianças/Calçados/Outros;23929;7 - 30
23930 - Informática/Componentes para Computadores/Placas de Som;23930;7 - 30
23931 - Informática/Componentes para Computadores/Drives Ópticos;23931;7 - 30
23933 - Roupas Masculinas/Plus Size/Outros;23933;7 - 30
23934 - Informática/Componentes para Computadores/Disquete;23934;7 - 30
23936 - Roupas Masculinas/Plus Size/Camisetas Plus Size;23936;7 - 30
23937 - Roupas Masculinas/Plus Size/Roupas Esportivas e de Praia Plus Size;23937;7 - 30
23938 - Roupas Masculinas/Plus Size/Agasalhos Plus Size;23938;7 - 30
23939 - Roupas Masculinas/Plus Size/Calças Plus Size;23939;7 - 30
23940 - Roupas Masculinas/Plus Size/Camisas Sociais Plus Size;23940;7 - 30
23943 - Roupas Femininas/Plus Size/Outros;23943;7 - 30
23944 - Roupas Femininas/Plus Size/Vestidos;23944;7 - 30
23945 - Roupas Femininas/Plus Size/Calças;23945;7 - 30
23946 - Roupas Femininas/Plus Size/Blusas, Camisas e Camisetas;23946;7 - 30
23947 - Roupas Femininas/Plus Size/Roupas Esportivas;23947;7 - 30
23948 - Roupas Femininas/Plus Size/Roupas de Praia;23948;7 - 30
23949 - Roupas Femininas/Plus Size/Roupas Íntimas;23949;7 - 30
23950 - Roupas Femininas/Plus Size/Pijamas;23950;7 - 30
23951 - Roupas Femininas/Plus Size/Conjuntos;23951;7 - 30
23952 - Casa, Cozinha e Decoração/Decoração/Festas e Comemorações;23952;7 - 30
23448 - Saúde e Beleza/Suplementos/Perda de Peso;23448;7 - 30
26862 - Livros e Revistas/Livros/Livros de Pano para Bebês;26862;7 - 30
23959 - Saúde e Beleza/Maquiagem/Cílios Postiços;23959;7 - 30
23961 - Informática/Tablets e Acessórios/Outros;23961;7 - 30
26863 - Livros e Revistas/Livros/Audiobook;26863;7 - 30
23970 - Acessórios para Veículos/Som Automotivo/Outros;23970;7 - 30
25158 - Bolsas/Bolsas de Ombro/Bolsas de Ombro;25158;7 - 30
23974 - Acessórios para Veículos/Som Automotivo/Radios Automotivos;23974;7 - 30
23979 - Informática/Tablets e Acessórios/Caneta Touch para Tablets;23979;7 - 30
23980 - Informática/Tablets e Acessórios/Película para Tablet;23980;7 - 30
23981 - Acessórios para Veículos/Som Automotivo/Alto Falantes;23981;7 - 30
25160 - Bolsas/Mochilas/Mochilas;25160;7 - 30
24000 - Acessórios para Veículos/Eletrônica Automotiva/DVR e Câmera Veicular;24000;7 - 30
23456 - Saúde e Beleza/Cuidados com a Saúde/Balança;23456;7 - 30
24002 - Informática/Armazenamento e Discos Rígidos/Adaptador de Cartão de Memória;24002;7 - 30
24003 - Informática/Armazenamento e Discos Rígidos/Adaptador SSD;24003;7 - 30
26870 - Alimentos e Bebidas/Alimentos Básicos/Outros;26870;7 - 30
24007 - Acessórios para Veículos/Eletrônica Automotiva/Câmera Automotiva;24007;7 - 30
27212 - Casa, Cozinha e Decoração/Jardins e Área Externa/Churrasqueira;27212;7 - 30
25174 - Animais de Estimação/Aquário & Acessórios/Aquário & Acessórios;25174;7 - 30
24016 - Acessórios para Veículos/Eletrônica Automotiva/Kit Bluetooth para Carros;24016;7 - 30
24020 - Acessórios para Veículos/Acessórios de Interior/Outros;24020;7 - 30
27214 - Bebês e Crianças/Artigos de Maternidade/Bolsa de Maternidade;27214;7 - 30
24022 - Acessórios para Veículos/Eletrônica Automotiva/Head-up Display;24022;7 - 30
24024 - Acessórios para Veículos/Eletrônica Automotiva/Inversor Automotivo;24024;7 - 30
24027 - Acessórios para Veículos/Eletrônica Automotiva/Utensílios Elétricos para Carros;24027;7 - 30
24029 - Acessórios para Veículos/Eletrônica Automotiva/Auxiliar de Partida;24029;7 - 30
24035 - Acessórios para Veículos/Acessórios de Exterior/Outros;24035;7 - 30
24037 - Acessórios para Veículos/Acessórios de Exterior/Capas de Carro;24037;7 - 30
24038 - Acessórios para Veículos/Acessórios de Interior/Purificadores de Carro;24038;7 - 30
24039 - Acessórios para Veículos/Acessórios de Exterior/Adesivos de Carro;24039;7 - 30
22780 - Celulares e Acessórios/Celulares/Samsung;22780;7 - 30
24043 - Acessórios para Veículos/Acessórios de Interior/Organizadores;24043;7 - 30
24047 - Acessórios para Veículos/Acessórios de Interior/Pedais;24047;7 - 30
24049 - Acessórios para Veículos/Acessórios de Interior/Capas de Cadeiras;24049;7 - 30
23123 - Bolsas/Bolsas Masculinas e Carteiras/Pochete;23123;7 - 30
26878 - Alimentos e Bebidas/Bebidas/Outros;26878;7 - 30
24054 - Acessórios para Veículos/Acessórios de Interior/Capas de Volantes e Acessórios;24054;7 - 30
22441 - Casa, Cozinha e Decoração/Artigos para Banheiro/Espelhos para Banheiro;22441;7 - 30
23124 - Bolsas/Bolsas Masculinas e Carteiras/Carteiras Masculinas;23124;7 - 30
24058 - Acessórios para Veículos/Peças para Carros/Partes Exteriores;24058;7 - 30
24060 - Acessórios para Veículos/Peças para Carros/Automobiles Sensors;24060;7 - 30
24066 - Acessórios para Veículos/Peças para Carros/Sistema de Abastecimento;24066;7 - 30
24069 - Informática/Tablets e Acessórios/Tablets;24069;7 - 30
24076 - Acessórios para Veículos/Peças para Carros/Transmissão e Eixo;24076;7 - 30
26882 - Alimentos e Bebidas/Padaria/Outros;26882;7 - 30
24081 - Acessórios para Veículos/Peças para Carros/Aquecedor e Ar Condicionado;24081;7 - 30
24083 - Acessórios para Veículos/Peças e Acessórios para Motos/Painéis e Acessórios;24083;7 - 30
24084 - Acessórios para Veículos/Peças e Acessórios para Motos/Freio para Moto;24084;7 - 30
24085 - Acessórios para Veículos/Peças e Acessórios para Motos/Peças para Motor;24085;7 - 30
24086 - Acessórios para Veículos/Peças e Acessórios para Motos/Escapamento e Sistema de Escapamentoes;24086;7 - 30
24087 - Acessórios para Veículos/Peças e Acessórios para Motos/Abastecimento de Combustível;24087;7 - 30
24088 - Acessórios para Veículos/Peças e Acessórios para Motos/Peças e Direção;24088;7 - 30
24875 - Esporte e Lazer/Moda Esportiva/Outros;24875;7 - 30
24091 - Acessórios para Veículos/Peças e Acessórios para Motos/Proteção a Roubo;24091;7 - 30
24092 - Acessórios para Veículos/Peças e Acessórios para Motos/Capas e proteção para Motocicletas;24092;7 - 30
24095 - Esporte e Lazer/Futebol/Outros;24095;7 - 30
24097 - Informática/Equipamentos e Componentes de Rede/Switch de Rede;24097;7 - 30
24098 - Informática/Equipamentos e Componentes de Rede/Placa de Rede;24098;7 - 30
24099 - Informática/Equipamentos e Componentes de Rede/Adaptadores Bluetooth USB;24099;7 - 30
24100 - Informática/Equipamentos e Componentes de Rede/Adaptadores de Rede a Cabo;24100;7 - 30
24101 - Informática/Equipamentos e Componentes de Rede/Ferramentas de Rede;24101;7 - 30
25182 - Animais de Estimação/Roupas & Brinquedos/Roupas & Brinquedos;25182;7 - 30
25184 - Animais de Estimação/Banho e Tosa/Banho e Tosa;25184;7 - 30
22097 - Esporte e Lazer/Ginástica, Pilates e Yoga/Balé;22097;7 - 30
24877 - Esporte e Lazer/Moda Esportiva/Tops Femininos;24877;7 - 30
22112 - Roupas Femininas/Fantasias/Traje;22112;7 - 30
22123 - Bebês e Crianças/Acessórios/Mochilas Infantis;22123;7 - 30
26898 - Alimentos e Bebidas/Alimentos Básicos/Legumes em Conserva;26898;7 - 30
22126 - Bolsas/Bagagem e Acessórios para Viagem/Mala de Viagem;22126;7 - 30
22129 - Saúde e Beleza/Barbearia/Barbeadores;22129;7 - 30
22135 - Casa, Cozinha e Decoração/Artigos para Cama/Acessórios de Cama;22135;7 - 30
22136 - Casa, Cozinha e Decoração/Artigos para Cama/Jogos de Lençol;22136;7 - 30
26900 - Alimentos e Bebidas/Ingredientes para Cozinhar/Óleos;26900;7 - 30
22141 - Casa, Cozinha e Decoração/Artigos para Cama/Cobertores e Edredons;22141;7 - 30
22142 - Casa, Cozinha e Decoração/Artigos para Cama/Tampas e Protetores;22142;7 - 30
22144 - Casa, Cozinha e Decoração/Artigos para Cama/Outros;22144;7 - 30
22145 - Casa, Cozinha e Decoração/Artigos para Cama/Almofadas e Travesseiros;22145;7 - 30
26903 - Alimentos e Bebidas/Ingredientes para Cozinhar/Adoçantes;26903;7 - 30
22159 - Casa, Cozinha e Decoração/Móveis/Móveis de Quarto;22159;7 - 30
24879 - Esporte e Lazer/Moda Esportiva/Tops Masculinos;24879;7 - 30
22163 - Casa, Cozinha e Decoração/Móveis/Móveis de Cozinha e Jantar;22163;7 - 30
22166 - Casa, Cozinha e Decoração/Móveis/Móveis de Sala;22166;7 - 30
27030 - Áudio, Eletrônicos e Câmeras/Áudio/Outros;27030;7 - 30
22172 - Casa, Cozinha e Decoração/Móveis/Outros;22172;7 - 30
22174 - Casa, Cozinha e Decoração/Jardins e Área Externa/Ferramentas para Jardim;22174;7 - 30
22175 - Casa, Cozinha e Decoração/Jardins e Área Externa/Móveis para Jardim;22175;7 - 30
22177 - Casa, Cozinha e Decoração/Decoração/Flores e Plantas Artificiais;22177;7 - 30
26907 - Alimentos e Bebidas/Ingredientes para Cozinhar/Farinha para Empanar;26907;7 - 30
22181 - Informática/Acessórios para PC/Baterias;22181;7 - 30
22184 - Informática/Componentes para Computadores/Carregadores e Fonte de Alimentação;22184;7 - 30
22186 - Casa, Cozinha e Decoração/Decoração/Velas e Castiçais;22186;7 - 30
22188 - Casa, Cozinha e Decoração/Decoração/Relógios de Parede;22188;7 - 30
22189 - Casa, Cozinha e Decoração/Decoração/Cortinas;22189;7 - 30
22192 - Informática/Acessórios para PC/Ferramentas de Desenho;22192;7 - 30
22193 - Informática/Acessórios para PC/Acessórios de Mac;22193;7 - 30
22194 - Informática/Acessórios para PC/Outros;22194;7 - 30
22195 - Informática/Componentes para Computadores/Capas para computador;22195;7 - 30
22196 - Casa, Cozinha e Decoração/Decoração/Espelhos e Papel de Parede;22196;7 - 30
24245 - Bebês e Crianças/Fraldas e Penicos/Outros;24245;7 - 30
22198 - Casa, Cozinha e Decoração/Decoração/Tapetes;22198;7 - 30
26911 - Alimentos e Bebidas/Necessidades para Cozimento/Farinha;26911;7 - 30
22205 - Informática/Componentes para Computadores/Ventiladores e Dissipadores de Calor;22205;7 - 30
22206 - Informática/Componentes para Computadores/Placas Gráficas;22206;7 - 30
22207 - Informática/Componentes para Computadores/Placas-mãe;22207;7 - 30
22208 - Informática/Componentes para Computadores/Outros;22208;7 - 30
22209 - Informática/Componentes para Computadores/CPU;22209;7 - 30
22210 - Informática/Componentes para Computadores/RAM;22210;7 - 30
22211 - Informática/Componentes para Computadores/Software;22211;7 - 30
22217 - Casa, Cozinha e Decoração/Fechaduras, Travas e Cadeados/Fechaduras;22217;7 - 30
22219 - Informática/PCs e Acessórios/All-in-one;22219;7 - 30
22220 - Informática/PCs e Acessórios/DIY Desktops e Mini PCs;22220;7 - 30
26914 - Alimentos e Bebidas/Café da Manhã/Mel e Xarope de Bordo;26914;7 - 30
22222 - Casa, Cozinha e Decoração/Organização e Armazenamento Doméstico/Organizadores de Roupas;22222;7 - 30
22223 - Informática/PCs e Acessórios/PC Gamer;22223;7 - 30
22227 - Informática/PCs e Acessórios/Acessórios de PCs;22227;7 - 30
26859 - Livros e Revistas/Livros/Educação e Escola;26859;7 - 30
26916 - Alimentos e Bebidas/Café da Manhã/Cereais, Granola e Aveias;26916;7 - 30
24282 - Informática/Acessórios para PC/Dispositivos USB;24282;7 - 30
24283 - Informática/Acessórios para PC/Mouse & Teclados;24283;7 - 30
24284 - Informática/Acessórios para PC/Monitores & Acessório;24284;7 - 30
22237 - Casa, Cozinha e Decoração/Organização e Armazenamento Doméstico/Armários de Armazenamento;22237;7 - 30
24286 - Celulares e Acessórios/Jogos para Celular/Outros;24286;7 - 30
26917 - Alimentos e Bebidas/Bebidas/Café;26917;7 - 30
24289 - Celulares e Acessórios/Jogos para Celular/Controles;24289;7 - 30
24293 - Informática/Notebooks e Acessórios/Bolsas para Notebook;24293;7 - 30
24295 - Acessórios para Veículos/Limpeza e Manutenção/Conserto de Janela;24295;7 - 30
24296 - Acessórios para Veículos/Limpeza e Manutenção/Limpeza automotiva;24296;7 - 30
24297 - Acessórios para Veículos/Limpeza e Manutenção/Removedor de Ferrugem;24297;7 - 30
24298 - Acessórios para Veículos/Limpeza e Manutenção/Pintura automotiva;24298;7 - 30
24299 - Acessórios para Veículos/Limpeza e Manutenção/Polimento automotivo;24299;7 - 30
24300 - Acessórios para Veículos/Limpeza e Manutenção/Pistola d'água e Snow Foam;24300;7 - 30
22253 - Casa, Cozinha e Decoração/Materiais de Limpeza e Lavanderia/Cabide e Varal de Roupas;22253;7 - 30
22255 - Informática/Notebooks e Acessórios/Notebook 2 em 1;22255;7 - 30
22257 - Informática/Notebooks e Acessórios/Notebook Gamer;22257;7 - 30
22259 - Informática/Notebooks e Acessórios/Macbooks;22259;7 - 30
22260 - Casa, Cozinha e Decoração/Materiais de Limpeza e Lavanderia/Lixeira;22260;7 - 30
26921 - Alimentos e Bebidas/Bebidas/Água;26921;7 - 30
22264 - Casa, Cozinha e Decoração/Artigos para Cozinha/Forno;22264;7 - 30
22266 - Informática/Notebooks e Acessórios/Laptops Tradicionais;22266;7 - 30
22268 - Casa, Cozinha e Decoração/Iluminação/Iluminação do Banheiro;22268;7 - 30
26923 - Alimentos e Bebidas/Bebidas/Xaropes;26923;7 - 30
22276 - Casa, Cozinha e Decoração/Materiais de Limpeza e Lavanderia/Inseticidas e Repelentes;22276;7 - 30
22278 - Informática/Equipamentos e Componentes de Rede/Adaptadores & Conversores;22278;7 - 30
22280 - Casa, Cozinha e Decoração/Materiais de Limpeza e Lavanderia/Ferros de Passar Roupa;22280;7 - 30
26924 - Alimentos e Bebidas/Bebidas/Refrigerantes e Bebidas Gaseificadas;26924;7 - 30
22284 - Informática/Equipamentos e Componentes de Rede/Cabos;22284;7 - 30
26925 - Alimentos e Bebidas/Bebidas/Bebidas em Pó;26925;7 - 30
22288 - Informática/Equipamentos e Componentes de Rede/Roteadores;22288;7 - 30
22289 - Informática/Equipamentos e Componentes de Rede/Outros;22289;7 - 30
26861 - Livros e Revistas/Livros/Música;26861;7 - 30
26926 - Alimentos e Bebidas/Bebidas/Bebidas Tradicionais e à Base de Plantas;26926;7 - 30
22294 - Informática/Outros/Outros;22294;7 - 30
22297 - Casa, Cozinha e Decoração/Materiais de Limpeza e Lavanderia/Cestos e Sacos de Roupa;22297;7 - 30
26927 - Alimentos e Bebidas/Bebidas/Coberturas para Bebidas;26927;7 - 30
22300 - Informática/Acessórios Eletrônicos para Escritório/Tinta de Impressora;22300;7 - 30
22302 - Casa, Cozinha e Decoração/Materiais de Limpeza e Lavanderia/Produtos de Lavanderia;22302;7 - 30
26928 - Alimentos e Bebidas/Bebidas/Leite Não Lacteo;26928;7 - 30
22306 - Informática/Acessórios Eletrônicos para Escritório/Outros;22306;7 - 30
22307 - Casa, Cozinha e Decoração/Materiais de Limpeza e Lavanderia/Outros;22307;7 - 30
22308 - Informática/Acessórios Eletrônicos para Escritório/Impressoras;22308;7 - 30
22310 - Casa, Cozinha e Decoração/Materiais de Limpeza e Lavanderia/Produtos de Papel;22310;7 - 30
26929 - Alimentos e Bebidas/Laticínios e Ovos/Leite;26929;7 - 30
22312 - Informática/Acessórios Eletrônicos para Escritório/Scanners;22312;7 - 30
23111 - Esporte e Lazer/Tênis/Raquetes e Bolas de Tênis;23111;7 - 30
22315 - Roupas Femininas/Vestidos/Vestidos;22315;7 - 30
26930 - Alimentos e Bebidas/Laticínios e Ovos/Iogurte e Leite Cultivado;26930;7 - 30
22318 - Informática/Armazenamento e Discos Rígidos/HD Externos;22318;7 - 30
22319 - Informática/Armazenamento e Discos Rígidos/HD Internos;22319;7 - 30
22320 - Informática/Armazenamento e Discos Rígidos/Cartões de Memória;22320;7 - 30
22321 - Informática/Armazenamento e Discos Rígidos/Pen Drives;22321;7 - 30
22322 - Informática/Armazenamento e Discos Rígidos/Outros;22322;7 - 30
26931 - Alimentos e Bebidas/Laticínios e Ovos/Cremes;26931;7 - 30
22324 - Casa, Cozinha e Decoração/Artigos para Cozinha/Potes e Frascos;22324;7 - 30
22326 - Bebês e Crianças/Roupas para Bebês/Calça de Bebê;22326;7 - 30
22327 - Informática/Armazenamento e Discos Rígidos/Drives de Estado Sólido;22327;7 - 30
26932 - Alimentos e Bebidas/Laticínios e Ovos/Manteiga e Margarina;26932;7 - 30
22330 - Casa, Cozinha e Decoração/Artigos para Cozinha/Vasilhas & Vasos;22330;7 - 30
22907 - Eletros e Portáteis/Eletrodomésticos/Geladeiras;22907;7 - 30
22332 - Bebês e Crianças/Outros/Outros;22332;7 - 30
22334 - Bebês e Crianças/Roupas para Gestantes/Calça, Legging e Macacão;22334;7 - 30
22335 - Casa, Cozinha e Decoração/Artigos para Cozinha/Panelas;22335;7 - 30
22337 - Bebês e Crianças/Artigos de Maternidade/Suporte Abdominal;22337;7 - 30
22339 - Bebês e Crianças/Roupas para Meninas/Vestido Infantil;22339;7 - 30
22341 - Bebês e Crianças/Artigos para Alimentação e Amamentação/Babadores;22341;7 - 30
24390 - Bebês e Crianças/Calçados/Sapatos de Menina;24390;7 - 30
24391 - Bebês e Crianças/Calçados/Sapatos de Meninos;24391;7 - 30
22345 - Bebês e Crianças/Roupas para Meninos/Casacos para Meninnos;22345;7 - 30
22346 - Casa, Cozinha e Decoração/Artigos para Cozinha/Armazenamento e Dispensadores de Alimentos;22346;7 - 30
22348 - Bebês e Crianças/Artigos de Bebê para Banho/Acessórios de Banho;22348;7 - 30
22349 - Casa, Cozinha e Decoração/Artigos para Cozinha/Utensílios de Cozinha;22349;7 - 30
22351 - Bebês e Crianças/Quarto do Bebê/Segurança para Bebé;22351;7 - 30
22352 - Casa, Cozinha e Decoração/Artigos para Cozinha/Facas e Afiadores;22352;7 - 30
22353 - Casa, Cozinha e Decoração/Artigos para Cozinha/Outras;22353;7 - 30
22354 - Casa, Cozinha e Decoração/Artigos para Cozinha/Organizadores de Armazenamento;22354;7 - 30
22355 - Casa, Cozinha e Decoração/Artigos para Cozinha/Talheres;22355;7 - 30
22356 - Casa, Cozinha e Decoração/Artigos para Cozinha/Frascos Térmicos e Containers;22356;7 - 30
22361 - Acessórios de Moda/Cintos/Cinto Masculino;22361;7 - 30
22362 - Acessórios de Moda/Cintos/Outros;22362;7 - 30
22363 - Acessórios de Moda/Cintos/Cinto Feminino;22363;7 - 30
22365 - Roupas Femininas/Casacos/Blazers;22365;7 - 30
22367 - Acessórios de Moda/Óculos/Óculos;22367;7 - 30
22368 - Casa, Cozinha e Decoração/Iluminação/Luminária de Teto;22368;7 - 30
22369 - Bebês e Crianças/Acessórios/Chapéus e Bonés;22369;7 - 30
22370 - Acessórios de Moda/Óculos/Outros;22370;7 - 30
22373 - Acessórios de Moda/Óculos/Óculos de Sol;22373;7 - 30
24422 - Informática/Notebooks e Acessórios/Carregador para Notebook;24422;7 - 30
24423 - Informática/Notebooks e Acessórios/Cooler para Notebook;24423;7 - 30
24424 - Informática/Notebooks e Acessórios/Mesa e Suporte para Notebook;24424;7 - 30
24425 - Informática/Notebooks e Acessórios/Dock Station;24425;7 - 30
24426 - Informática/Notebooks e Acessórios/Capas para Notebooks e Tablets;24426;7 - 30
22379 - Bebês e Crianças/Acessórios/Jóias;22379;7 - 30
24428 - Informática/Acessórios Eletrônicos para Escritório/Acessórios de Impressora;24428;7 - 30
24429 - Informática/Acessórios Eletrônicos para Escritório/Calculadoras;24429;7 - 30
24430 - Informática/Acessórios Eletrônicos para Escritório/Cortador de papel;24430;7 - 30
22383 - Bebês e Crianças/Acessórios/Acessórios de Cabelo;22383;7 - 30
22384 - Casa, Cozinha e Decoração/Iluminação/Iluminação e Componentes;22384;7 - 30
22385 - Bebês e Crianças/Acessórios/Outros;22385;7 - 30
22388 - Bebês e Crianças/Acessórios/Capa de Chuva;22388;7 - 30
22389 - Casa, Cozinha e Decoração/Iluminação/Outras;22389;7 - 30
22390 - Bebês e Crianças/Acessórios/Lenços;22390;7 - 30
22234 - Casa, Cozinha e Decoração/Organização e Armazenamento Doméstico/Outras;22234;7 - 30
22392 - Casa, Cozinha e Decoração/Iluminação/Iluminação Externa;22392;7 - 30
22394 - Acessórios de Moda/Acessórios de Cabelo/Tiara, Faixa e Acessórios de Cabelo;22394;7 - 30
22395 - Roupas Femininas/Casacos/Cardigan Feminino;22395;7 - 30
22396 - Casa, Cozinha e Decoração/Iluminação/Iluminação de Especialidade;22396;7 - 30
22397 - Roupas Femininas/Casacos/Capa de Chuva;22397;7 - 30
22398 - Acessórios de Moda/Acessórios de Cabelo/Grampos de Cabelo;22398;7 - 30
22399 - Roupas Femininas/Casacos/Outros;22399;7 - 30
22400 - Acessórios de Moda/Acessórios de Cabelo/Elásticos de Cabelo;22400;7 - 30
22401 - Acessórios de Moda/Acessórios de Cabelo/Outros;22401;7 - 30
22402 - Casa, Cozinha e Decoração/Iluminação/Abajur;22402;7 - 30
22403 - Acessórios de Moda/Acessórios de Cabelo/Perucas & Extensões;22403;7 - 30
22404 - Casa, Cozinha e Decoração/Iluminação/Luminárias e Arandelas de Parede;22404;7 - 30
26933 - Alimentos e Bebidas/Laticínios e Ovos/Queijo e Queijo em Pó;26933;7 - 30
22407 - Acessórios de Moda/Chapéus e Bonés/Gorros;22407;7 - 30
22409 - Roupas Femininas/Outros/Outros;22409;7 - 30
22410 - Acessórios de Moda/Chapéus e Bonés/Bonés;22410;7 - 30
22411 - Acessórios de Moda/Chapéus e Bonés/Chapéus;22411;7 - 30
22412 - Acessórios de Moda/Chapéus e Bonés/Outros;22412;7 - 30
22414 - Acessórios de Moda/Mais Acessórios/Gravata Borboleta e Gravata;22414;7 - 30
22415 - Acessórios de Moda/Mais Acessórios/Corpete;22415;7 - 30
22419 - Casa, Cozinha e Decoração/Outros/Outros;22419;7 - 30
22420 - Acessórios de Moda/Mais Acessórios/Outros;22420;7 - 30
22169 - Casa, Cozinha e Decoração/Móveis/Móveis de Escritório;22169;7 - 30
22424 - Casa, Cozinha e Decoração/Segurança e Vigilância/CCTV e IP Câmera;22424;7 - 30
22425 - Casa, Cozinha e Decoração/Segurança e Vigilância/Sensores e Alarmes;22425;7 - 30
22427 - Roupas Femininas/Calças e Shorts/Calça Feminina;22427;7 - 30
22429 - Roupas Femininas/Macaquinhos e Macacões/Body;22429;7 - 30
22431 - Casa, Cozinha e Decoração/Segurança e Vigilância/Outras;22431;7 - 30
22432 - Roupas Femininas/Calças e Shorts/Bermudas;22432;7 - 30
22433 - Roupas Femininas/Calças e Shorts/Calça Legging Feminina;22433;7 - 30
22434 - Roupas Femininas/Calças e Shorts/Outras;22434;7 - 30
22437 - Casa, Cozinha e Decoração/Artigos para Banheiro/Acessórios de Banheiro;22437;7 - 30
22513 - Roupas Femininas/Conjuntos/Conjunto de Casal;22513;7 - 30
26866 - Alimentos e Bebidas/Outros/Outros;26866;7 - 30
22443 - Casa, Cozinha e Decoração/Artigos para Banheiro/Cortinas para Box;22443;7 - 30
22444 - Casa, Cozinha e Decoração/Artigos para Banheiro/Armazenamento e Prateleiras;22444;7 - 30
22445 - Casa, Cozinha e Decoração/Artigos para Banheiro/Toalhas de Piso, Toalhas e Roupões;22445;7 - 30
22446 - Casa, Cozinha e Decoração/Artigos para Banheiro/Outros;22446;7 - 30
22515 - Jóias e Relógios/Artigos de Joalheria/Colares;22515;7 - 30
22452 - Casa, Cozinha e Decoração/Ferramentas e Artigos Diversos para a Casa/Baterias;22452;7 - 30
22453 - Roupas Femininas/Macaquinhos e Macacões/Macacões;22453;7 - 30
22454 - Roupas Femininas/Macaquinhos e Macacões/Macaquinhos;22454;7 - 30
22455 - Roupas Femininas/Macaquinhos e Macacões/Outras;22455;7 - 30
22456 - Casa, Cozinha e Decoração/Ferramentas e Artigos Diversos para a Casa/Ferramentas DIY;22456;7 - 30
22459 - Casa, Cozinha e Decoração/Ferramentas e Artigos Diversos para a Casa/Segurança contra Incêndios;22459;7 - 30
22462 - Casa, Cozinha e Decoração/Ferramentas e Artigos Diversos para a Casa/Ganchos, Fitas e Adesivos;22462;7 - 30
22517 - Jóias e Relógios/Artigos de Joalheria/Outros;22517;7 - 30
23116 - Bolsas/Bolsas Masculinas e Carteiras/Bolsa Transversal;23116;7 - 30
22466 - Casa, Cozinha e Decoração/Ferramentas e Artigos Diversos para a Casa/Escadas e Mesa de Trabalho;22466;7 - 30
22467 - Casa, Cozinha e Decoração/Ferramentas e Artigos Diversos para a Casa/Ferramenta de Medição e Nivelamento;22467;7 - 30
22471 - Casa, Cozinha e Decoração/Ferramentas e Artigos Diversos para a Casa/Outras;22471;7 - 30
22473 - Casa, Cozinha e Decoração/Ferramentas e Artigos Diversos para a Casa/Tintas e Acessórios de Pintura;22473;7 - 30
22519 - Jóias e Relógios/Artigos de Joalheria/Anéis;22519;7 - 30
22478 - Roupas Femininas/Meias e Meias-Calças/Meias;22478;7 - 30
22480 - Casa, Cozinha e Decoração/Ferramentas e Artigos Diversos para a Casa/Equipamentos de Banheiro;22480;7 - 30
22481 - Casa, Cozinha e Decoração/Ferramentas e Artigos Diversos para a Casa/Ferramentas Elétricas;22481;7 - 30
22912 - Eletros e Portáteis/Eletrodomésticos/Purificadores de Água;22912;7 - 30
22483 - Casa, Cozinha e Decoração/Ferramentas e Artigos Diversos para a Casa/Tampa da Lâmpada e Toldo;22483;7 - 30
22484 - Casa, Cozinha e Decoração/Ferramentas e Artigos Diversos para a Casa/Ferramenta de Armazenamento e Estantes;22484;7 - 30
26958 - Video Games/Jogos/Playstation;26958;7 - 30
22486 - Roupas Femininas/Saias/Saias;22486;7 - 30
22503 - Jóias e Relógios/Artigos de Joalheria/Tornozeleiras;22503;7 - 30
22491 - Roupas Femininas/Roupas Esportivas e de Praia/Roupa de Esporte;22491;7 - 30
22493 - Roupas Femininas/Roupas Esportivas e de Praia/Roupa de Praia;22493;7 - 30
22495 - Roupas Femininas/Roupas Esportivas e de Praia/Biquínis e Maiôs;22495;7 - 30
22498 - Roupas Femininas/Roupas Esportivas e de Praia/Outras;22498;7 - 30
26961 - Video Games/Jogos/PC;26961;7 - 30
22505 - Roupas Femininas/Conjuntos/Roupa de Lazer;22505;7 - 30
27303 - Alimentos e Bebidas/Bebidas Alcoólicas/Outros;27303;7 - 30
22508 - Jóias e Relógios/Artigos de Joalheria/Pulseiras e Braceletes;22508;7 - 30
26962 - Video Games/Jogos/Outros;26962;7 - 30
22512 - Jóias e Relógios/Artigos de Joalheria/Broches;22512;7 - 30
27304 - Alimentos e Bebidas/Bebidas Alcoólicas/Cervejas & Cidras;27304;7 - 30
22514 - Jóias e Relógios/Artigos de Joalheria/Brincos;22514;7 - 30
26963 - Saúde e Beleza/Cuidados com o Cabelo/Condicionador;26963;7 - 30
22245 - Casa, Cozinha e Decoração/Materiais de Limpeza e Lavanderia/Vassouras e Esfregões;22245;7 - 30
22518 - Roupas Femininas/Conjuntos/Conjunto de Família;22518;7 - 30
27305 - Alimentos e Bebidas/Bebidas Alcoólicas/Vinhos & Champagne;27305;7 - 30
22523 - Roupas Femininas/Conjuntos/Roupa Formal;22523;7 - 30
23118 - Bolsas/Bolsas Masculinas e Carteiras/Bolsa Carteiro;23118;7 - 30
27306 - Alimentos e Bebidas/Bebidas Alcoólicas/Destilados & Licores;27306;7 - 30
22526 - Jóias e Relógios/Acessórios para Relógios/Display e Armazenamento;22526;7 - 30
